Tract,Label,Community Area
17031010100,"Census Tract 101, Cook County, Illinois",1
17031010201,"Census Tract 102.01, Cook County, Illinois",1
17031010202,"Census Tract 102.02, Cook County, Illinois",1
17031010300,"Census Tract 103, Cook County, Illinois",1
17031010400,"Census Tract 104, Cook County, Illinois",1
17031010501,"Census Tract 105.01, Cook County, Illinois",1
17031010502,"Census Tract 105.02, Cook County, Illinois",1
17031010503,"Census Tract 105.03, Cook County, Illinois",1
17031010600,"Census Tract 106, Cook County, Illinois",1
17031010701,"Census Tract 107.01, Cook County, Illinois",1
17031010702,"Census Tract 107.02, Cook County, Illinois",1
17031020100,"Census Tract 201, Cook County, Illinois",2
17031020200,"Census Tract 202, Cook County, Illinois",2
17031020301,"Census Tract 203.01, Cook County, Illinois",2
17031020302,"Census Tract 203.02, Cook County, Illinois",2
17031020400,"Census Tract 204, Cook County, Illinois",2
17031020500,"Census Tract 205, Cook County, Illinois",2
17031020601,"Census Tract 206.01, Cook County, Illinois",2
17031020602,"Census Tract 206.02, Cook County, Illinois",2
17031020701,"Census Tract 207.01, Cook County, Illinois",2
17031020702,"Census Tract 207.02, Cook County, Illinois",2
17031020801,"Census Tract 208.01, Cook County, Illinois",2
17031020802,"Census Tract 208.02, Cook County, Illinois",2
17031020901,"Census Tract 209.01, Cook County, Illinois",2
17031020902,"Census Tract 209.02, Cook County, Illinois",2
17031030101,"Census Tract 301.01, Cook County, Illinois",77
17031030102,"Census Tract 301.02, Cook County, Illinois",77
17031030103,"Census Tract 301.03, Cook County, Illinois",77
17031030104,"Census Tract 301.04, Cook County, Illinois",77
17031030200,"Census Tract 302, Cook County, Illinois",77
17031030300,"Census Tract 303, Cook County, Illinois",77
17031030400,"Census Tract 304, Cook County, Illinois",77
17031030500,"Census Tract 305, Cook County, Illinois",77
17031030601,"Census Tract 306.01, Cook County, Illinois",77
17031030603,"Census Tract 306.03, Cook County, Illinois",77
17031030604,"Census Tract 306.04, Cook County, Illinois",77
17031030701,"Census Tract 307.01, Cook County, Illinois",77
17031030702,"Census Tract 307.02, Cook County, Illinois",77
17031030703,"Census Tract 307.03, Cook County, Illinois",77
17031030706,"Census Tract 307.06, Cook County, Illinois",77
17031030800,"Census Tract 308, Cook County, Illinois",77
17031030900,"Census Tract 309, Cook County, Illinois",77
17031031000,"Census Tract 310, Cook County, Illinois",3
17031031100,"Census Tract 311, Cook County, Illinois",3
17031031200,"Census Tract 312, Cook County, Illinois",3
17031031300,"Census Tract 313, Cook County, Illinois",3
17031031400,"Census Tract 314, Cook County, Illinois",3
17031031501,"Census Tract 315.01, Cook County, Illinois",3
17031031502,"Census Tract 315.02, Cook County, Illinois",3
17031031700,"Census Tract 317, Cook County, Illinois",3
17031031800,"Census Tract 318, Cook County, Illinois",3
17031031900,"Census Tract 319, Cook County, Illinois",3
17031032100,"Census Tract 321, Cook County, Illinois",3
17031040100,"Census Tract 401, Cook County, Illinois",4
17031040201,"Census Tract 402.01, Cook County, Illinois",4
17031040202,"Census Tract 402.02, Cook County, Illinois",4
17031040300,"Census Tract 403, Cook County, Illinois",4
17031040401,"Census Tract 404.01, Cook County, Illinois",4
17031040402,"Census Tract 404.02, Cook County, Illinois",4
17031040600,"Census Tract 406, Cook County, Illinois",4
17031040700,"Census Tract 407, Cook County, Illinois",4
17031040800,"Census Tract 408, Cook County, Illinois",4
17031040900,"Census Tract 409, Cook County, Illinois",4
17031050100,"Census Tract 501, Cook County, Illinois",5
17031050200,"Census Tract 502, Cook County, Illinois",5
17031050300,"Census Tract 503, Cook County, Illinois",5
17031050500,"Census Tract 505, Cook County, Illinois",5
17031050600,"Census Tract 506, Cook County, Illinois",5
17031050700,"Census Tract 507, Cook County, Illinois",5
17031050800,"Census Tract 508, Cook County, Illinois",5
17031050900,"Census Tract 509, Cook County, Illinois",5
17031051000,"Census Tract 510, Cook County, Illinois",5
17031051100,"Census Tract 511, Cook County, Illinois",5
17031051200,"Census Tract 512, Cook County, Illinois",5
17031051300,"Census Tract 513, Cook County, Illinois",5
17031051400,"Census Tract 514, Cook County, Illinois",5
17031060100,"Census Tract 601, Cook County, Illinois",6
17031060200,"Census Tract 602, Cook County, Illinois",6
17031060300,"Census Tract 603, Cook County, Illinois",6
17031060400,"Census Tract 604, Cook County, Illinois",6
17031060500,"Census Tract 605, Cook County, Illinois",6
17031060800,"Census Tract 608, Cook County, Illinois",6
17031060900,"Census Tract 609, Cook County, Illinois",6
17031061000,"Census Tract 610, Cook County, Illinois",6
17031061100,"Census Tract 611, Cook County, Illinois",6
17031061200,"Census Tract 612, Cook County, Illinois",6
17031061500,"Census Tract 615, Cook County, Illinois",6
17031061800,"Census Tract 618, Cook County, Illinois",6
17031061901,"Census Tract 619.01, Cook County, Illinois",6
17031061902,"Census Tract 619.02, Cook County, Illinois",6
17031062000,"Census Tract 620, Cook County, Illinois",6
17031062100,"Census Tract 621, Cook County, Illinois",6
17031062200,"Census Tract 622, Cook County, Illinois",6
17031062300,"Census Tract 623, Cook County, Illinois",6
17031062400,"Census Tract 624, Cook County, Illinois",6
17031062500,"Census Tract 625, Cook County, Illinois",6
17031062600,"Census Tract 626, Cook County, Illinois",6
17031062700,"Census Tract 627, Cook County, Illinois",6
17031062800,"Census Tract 628, Cook County, Illinois",6
17031062900,"Census Tract 629, Cook County, Illinois",6
17031063000,"Census Tract 630, Cook County, Illinois",6
17031063100,"Census Tract 631, Cook County, Illinois",6
17031063200,"Census Tract 632, Cook County, Illinois",6
17031063301,"Census Tract 633.01, Cook County, Illinois",6
17031063302,"Census Tract 633.02, Cook County, Illinois",6
17031063303,"Census Tract 633.03, Cook County, Illinois",6
17031063400,"Census Tract 634, Cook County, Illinois",6
17031070101,"Census Tract 701.01, Cook County, Illinois",7
17031070102,"Census Tract 701.02, Cook County, Illinois",7
17031070103,"Census Tract 701.03, Cook County, Illinois",7
17031070200,"Census Tract 702, Cook County, Illinois",7
17031070300,"Census Tract 703, Cook County, Illinois",7
17031070400,"Census Tract 704, Cook County, Illinois",7
17031070500,"Census Tract 705, Cook County, Illinois",7
17031070600,"Census Tract 706, Cook County, Illinois",7
17031070700,"Census Tract 707, Cook County, Illinois",7
17031071000,"Census Tract 710, Cook County, Illinois",7
17031071100,"Census Tract 711, Cook County, Illinois",7
17031071200,"Census Tract 712, Cook County, Illinois",7
17031071300,"Census Tract 713, Cook County, Illinois",7
17031071400,"Census Tract 714, Cook County, Illinois",7
17031071500,"Census Tract 715, Cook County, Illinois",7
17031071600,"Census Tract 716, Cook County, Illinois",7
17031071700,"Census Tract 717, Cook County, Illinois",7
17031071800,"Census Tract 718, Cook County, Illinois",7
17031080100,"Census Tract 801, Cook County, Illinois",8
17031080201,"Census Tract 802.01, Cook County, Illinois",8
17031080202,"Census Tract 802.02, Cook County, Illinois",8
17031080300,"Census Tract 803, Cook County, Illinois",8
17031080400,"Census Tract 804, Cook County, Illinois",8
17031081000,"Census Tract 810, Cook County, Illinois",8
17031081100,"Census Tract 811, Cook County, Illinois",8
17031081201,"Census Tract 812.01, Cook County, Illinois",8
17031081202,"Census Tract 812.02, Cook County, Illinois",8
17031081300,"Census Tract 813, Cook County, Illinois",8
17031081401,"Census Tract 814.01, Cook County, Illinois",8
17031081402,"Census Tract 814.02, Cook County, Illinois",8
17031081403,"Census Tract 814.03, Cook County, Illinois",8
17031081500,"Census Tract 815, Cook County, Illinois",8
17031081600,"Census Tract 816, Cook County, Illinois",8
17031081700,"Census Tract 817, Cook County, Illinois",8
17031081800,"Census Tract 818, Cook County, Illinois",8
17031081900,"Census Tract 819, Cook County, Illinois",8
17031090100,"Census Tract 901, Cook County, Illinois",9
17031090200,"Census Tract 902, Cook County, Illinois",9
17031090300,"Census Tract 903, Cook County, Illinois",9
17031100100,"Census Tract 1001, Cook County, Illinois",10
17031100200,"Census Tract 1002, Cook County, Illinois",10
17031100300,"Census Tract 1003, Cook County, Illinois",10
17031100400,"Census Tract 1004, Cook County, Illinois",10
17031100500,"Census Tract 1005, Cook County, Illinois",10
17031100600,"Census Tract 1006, Cook County, Illinois",10
17031100700,"Census Tract 1007, Cook County, Illinois",10
17031110100,"Census Tract 1101, Cook County, Illinois",11
17031110200,"Census Tract 1102, Cook County, Illinois",11
17031110300,"Census Tract 1103, Cook County, Illinois",11
17031110400,"Census Tract 1104, Cook County, Illinois",11
17031110501,"Census Tract 1105.01, Cook County, Illinois",11
17031110502,"Census Tract 1105.02, Cook County, Illinois",11
17031120100,"Census Tract 1201, Cook County, Illinois",12
17031120200,"Census Tract 1202, Cook County, Illinois",12
17031120300,"Census Tract 1203, Cook County, Illinois",12
17031120400,"Census Tract 1204, Cook County, Illinois",12
17031130100,"Census Tract 1301, Cook County, Illinois",13
17031130200,"Census Tract 1302, Cook County, Illinois",13
17031130300,"Census Tract 1303, Cook County, Illinois",13
17031140100,"Census Tract 1401, Cook County, Illinois",14
17031140200,"Census Tract 1402, Cook County, Illinois",14
17031140301,"Census Tract 1403.01, Cook County, Illinois",14
17031140302,"Census Tract 1403.02, Cook County, Illinois",14
17031140400,"Census Tract 1404, Cook County, Illinois",14
17031140500,"Census Tract 1405, Cook County, Illinois",14
17031140601,"Census Tract 1406.01, Cook County, Illinois",14
17031140602,"Census Tract 1406.02, Cook County, Illinois",14
17031140701,"Census Tract 1407.01, Cook County, Illinois",14
17031140702,"Census Tract 1407.02, Cook County, Illinois",14
17031140800,"Census Tract 1408, Cook County, Illinois",14
17031150200,"Census Tract 1502, Cook County, Illinois",15
17031150300,"Census Tract 1503, Cook County, Illinois",15
17031150401,"Census Tract 1504.01, Cook County, Illinois",15
17031150402,"Census Tract 1504.02, Cook County, Illinois",15
17031150501,"Census Tract 1505.01, Cook County, Illinois",15
17031150502,"Census Tract 1505.02, Cook County, Illinois",15
17031150600,"Census Tract 1506, Cook County, Illinois",15
17031150700,"Census Tract 1507, Cook County, Illinois",15
17031150800,"Census Tract 1508, Cook County, Illinois",15
17031151001,"Census Tract 1510.01, Cook County, Illinois",15
17031151002,"Census Tract 1510.02, Cook County, Illinois",15
17031151100,"Census Tract 1511, Cook County, Illinois",15
17031151200,"Census Tract 1512, Cook County, Illinois",15
17031160100,"Census Tract 1601, Cook County, Illinois",16
17031160200,"Census Tract 1602, Cook County, Illinois",16
17031160300,"Census Tract 1603, Cook County, Illinois",16
17031160400,"Census Tract 1604, Cook County, Illinois",16
17031160501,"Census Tract 1605.01, Cook County, Illinois",16
17031160502,"Census Tract 1605.02, Cook County, Illinois",16
17031160601,"Census Tract 1606.01, Cook County, Illinois",16
17031160602,"Census Tract 1606.02, Cook County, Illinois",16
17031160700,"Census Tract 1607, Cook County, Illinois",16
17031160800,"Census Tract 1608, Cook County, Illinois",16
17031160900,"Census Tract 1609, Cook County, Illinois",16
17031161000,"Census Tract 1610, Cook County, Illinois",16
17031161100,"Census Tract 1611, Cook County, Illinois",16
17031161200,"Census Tract 1612, Cook County, Illinois",16
17031161300,"Census Tract 1613, Cook County, Illinois",16
17031170100,"Census Tract 1701, Cook County, Illinois",17
17031170200,"Census Tract 1702, Cook County, Illinois",17
17031170300,"Census Tract 1703, Cook County, Illinois",17
17031170400,"Census Tract 1704, Cook County, Illinois",17
17031170500,"Census Tract 1705, Cook County, Illinois",17
17031170600,"Census Tract 1706, Cook County, Illinois",17
17031170700,"Census Tract 1707, Cook County, Illinois",17
17031170800,"Census Tract 1708, Cook County, Illinois",17
17031170900,"Census Tract 1709, Cook County, Illinois",17
17031171000,"Census Tract 1710, Cook County, Illinois",17
17031171100,"Census Tract 1711, Cook County, Illinois",17
17031180100,"Census Tract 1801, Cook County, Illinois",18
17031190100,"Census Tract 1901, Cook County, Illinois",19
17031190200,"Census Tract 1902, Cook County, Illinois",19
17031190300,"Census Tract 1903, Cook County, Illinois",19
17031190401,"Census Tract 1904.01, Cook County, Illinois",19
17031190402,"Census Tract 1904.02, Cook County, Illinois",19
17031190601,"Census Tract 1906.01, Cook County, Illinois",19
17031190602,"Census Tract 1906.02, Cook County, Illinois",19
17031190701,"Census Tract 1907.01, Cook County, Illinois",19
17031190702,"Census Tract 1907.02, Cook County, Illinois",19
17031190800,"Census Tract 1908, Cook County, Illinois",19
17031190900,"Census Tract 1909, Cook County, Illinois",19
17031191000,"Census Tract 1910, Cook County, Illinois",19
17031191100,"Census Tract 1911, Cook County, Illinois",19
17031191200,"Census Tract 1912, Cook County, Illinois",19
17031191301,"Census Tract 1913.01, Cook County, Illinois",19
17031191302,"Census Tract 1913.02, Cook County, Illinois",19
17031200100,"Census Tract 2001, Cook County, Illinois",20
17031200200,"Census Tract 2002, Cook County, Illinois",20
17031200300,"Census Tract 2003, Cook County, Illinois",20
17031200401,"Census Tract 2004.01, Cook County, Illinois",20
17031200402,"Census Tract 2004.02, Cook County, Illinois",20
17031210100,"Census Tract 2101, Cook County, Illinois",21
17031210400,"Census Tract 2104, Cook County, Illinois",21
17031210501,"Census Tract 2105.01, Cook County, Illinois",21
17031210502,"Census Tract 2105.02, Cook County, Illinois",21
17031210601,"Census Tract 2106.01, Cook County, Illinois",21
17031210602,"Census Tract 2106.02, Cook County, Illinois",21
17031210700,"Census Tract 2107, Cook County, Illinois",21
17031210800,"Census Tract 2108, Cook County, Illinois",21
17031210900,"Census Tract 2109, Cook County, Illinois",21
17031220300,"Census Tract 2203, Cook County, Illinois",22
17031220400,"Census Tract 2204, Cook County, Illinois",22
17031220500,"Census Tract 2205, Cook County, Illinois",22
17031220601,"Census Tract 2206.01, Cook County, Illinois",22
17031220602,"Census Tract 2206.02, Cook County, Illinois",22
17031220701,"Census Tract 2207.01, Cook County, Illinois",22
17031220702,"Census Tract 2207.02, Cook County, Illinois",22
17031220901,"Census Tract 2209.01, Cook County, Illinois",22
17031220902,"Census Tract 2209.02, Cook County, Illinois",22
17031221000,"Census Tract 2210, Cook County, Illinois",22
17031221100,"Census Tract 2211, Cook County, Illinois",22
17031221200,"Census Tract 2212, Cook County, Illinois",22
17031221300,"Census Tract 2213, Cook County, Illinois",22
17031221400,"Census Tract 2214, Cook County, Illinois",22
17031221500,"Census Tract 2215, Cook County, Illinois",22
17031221600,"Census Tract 2216, Cook County, Illinois",22
17031222200,"Census Tract 2222, Cook County, Illinois",22
17031222500,"Census Tract 2225, Cook County, Illinois",22
17031222600,"Census Tract 2226, Cook County, Illinois",22
17031222700,"Census Tract 2227, Cook County, Illinois",22
17031222800,"Census Tract 2228, Cook County, Illinois",22
17031222900,"Census Tract 2229, Cook County, Illinois",22
17031230100,"Census Tract 2301, Cook County, Illinois",23
17031230200,"Census Tract 2302, Cook County, Illinois",23
17031230300,"Census Tract 2303, Cook County, Illinois",23
17031230400,"Census Tract 2304, Cook County, Illinois",23
17031230500,"Census Tract 2305, Cook County, Illinois",23
17031230600,"Census Tract 2306, Cook County, Illinois",23
17031230700,"Census Tract 2307, Cook County, Illinois",23
17031230800,"Census Tract 2308, Cook County, Illinois",23
17031230900,"Census Tract 2309, Cook County, Illinois",23
17031231100,"Census Tract 2311, Cook County, Illinois",23
17031231200,"Census Tract 2312, Cook County, Illinois",23
17031231500,"Census Tract 2315, Cook County, Illinois",23
17031240200,"Census Tract 2402, Cook County, Illinois",24
17031240300,"Census Tract 2403, Cook County, Illinois",24
17031240500,"Census Tract 2405, Cook County, Illinois",24
17031240600,"Census Tract 2406, Cook County, Illinois",24
17031240700,"Census Tract 2407, Cook County, Illinois",24
17031240800,"Census Tract 2408, Cook County, Illinois",24
17031240900,"Census Tract 2409, Cook County, Illinois",24
17031241000,"Census Tract 2410, Cook County, Illinois",24
17031241100,"Census Tract 2411, Cook County, Illinois",24
17031241200,"Census Tract 2412, Cook County, Illinois",24
17031241300,"Census Tract 2413, Cook County, Illinois",24
17031241400,"Census Tract 2414, Cook County, Illinois",24
17031241500,"Census Tract 2415, Cook County, Illinois",24
17031241600,"Census Tract 2416, Cook County, Illinois",24
17031242000,"Census Tract 2420, Cook County, Illinois",24
17031242100,"Census Tract 2421, Cook County, Illinois",24
17031242200,"Census Tract 2422, Cook County, Illinois",24
17031242300,"Census Tract 2423, Cook County, Illinois",24
17031242400,"Census Tract 2424, Cook County, Illinois",24
17031242500,"Census Tract 2425, Cook County, Illinois",24
17031242600,"Census Tract 2426, Cook County, Illinois",24
17031242700,"Census Tract 2427, Cook County, Illinois",24
17031242800,"Census Tract 2428, Cook County, Illinois",24
17031242900,"Census Tract 2429, Cook County, Illinois",24
17031243000,"Census Tract 2430, Cook County, Illinois",24
17031243100,"Census Tract 2431, Cook County, Illinois",24
17031243200,"Census Tract 2432, Cook County, Illinois",24
17031243300,"Census Tract 2433, Cook County, Illinois",24
17031243400,"Census Tract 2434, Cook County, Illinois",24
17031243500,"Census Tract 2435, Cook County, Illinois",24
17031250200,"Census Tract 2502, Cook County, Illinois",25
17031250300,"Census Tract 2503, Cook County, Illinois",25
17031250400,"Census Tract 2504, Cook County, Illinois",25
17031250500,"Census Tract 2505, Cook County, Illinois",25
17031250600,"Census Tract 2506, Cook County, Illinois",25
17031250700,"Census Tract 2507, Cook County, Illinois",25
17031250800,"Census Tract 2508, Cook County, Illinois",25
17031251000,"Census Tract 2510, Cook County, Illinois",25
17031251100,"Census Tract 2511, Cook County, Illinois",25
17031251200,"Census Tract 2512, Cook County, Illinois",25
17031251300,"Census Tract 2513, Cook County, Illinois",25
17031251400,"Census Tract 2514, Cook County, Illinois",25
17031251500,"Census Tract 2515, Cook County, Illinois",25
17031251600,"Census Tract 2516, Cook County, Illinois",25
17031251700,"Census Tract 2517, Cook County, Illinois",25
17031251800,"Census Tract 2518, Cook County, Illinois",25
17031251900,"Census Tract 2519, Cook County, Illinois",25
17031252000,"Census Tract 2520, Cook County, Illinois",25
17031252101,"Census Tract 2521.01, Cook County, Illinois",25
17031252102,"Census Tract 2521.02, Cook County, Illinois",25
17031252201,"Census Tract 2522.01, Cook County, Illinois",25
17031252202,"Census Tract 2522.02, Cook County, Illinois",25
17031260100,"Census Tract 2601, Cook County, Illinois",26
17031260200,"Census Tract 2602, Cook County, Illinois",26
17031260300,"Census Tract 2603, Cook County, Illinois",26
17031260400,"Census Tract 2604, Cook County, Illinois",26
17031260500,"Census Tract 2605, Cook County, Illinois",26
17031260600,"Census Tract 2606, Cook County, Illinois",26
17031260700,"Census Tract 2607, Cook County, Illinois",26
17031260800,"Census Tract 2608, Cook County, Illinois",26
17031260900,"Census Tract 2609, Cook County, Illinois",26
17031261000,"Census Tract 2610, Cook County, Illinois",26
17031270500,"Census Tract 2705, Cook County, Illinois",27
17031271200,"Census Tract 2712, Cook County, Illinois",27
17031271300,"Census Tract 2713, Cook County, Illinois",27
17031271400,"Census Tract 2714, Cook County, Illinois",27
17031271500,"Census Tract 2715, Cook County, Illinois",27
17031271800,"Census Tract 2718, Cook County, Illinois",27
17031280100,"Census Tract 2801, Cook County, Illinois",28
17031280400,"Census Tract 2804, Cook County, Illinois",28
17031280800,"Census Tract 2808, Cook County, Illinois",28
17031280900,"Census Tract 2809, Cook County, Illinois",28
17031281900,"Census Tract 2819, Cook County, Illinois",28
17031282700,"Census Tract 2827, Cook County, Illinois",28
17031282800,"Census Tract 2828, Cook County, Illinois",28
17031283100,"Census Tract 2831, Cook County, Illinois",28
17031283200,"Census Tract 2832, Cook County, Illinois",28
17031283800,"Census Tract 2838, Cook County, Illinois",28
17031290900,"Census Tract 2909, Cook County, Illinois",29
17031291200,"Census Tract 2912, Cook County, Illinois",29
17031291600,"Census Tract 2916, Cook County, Illinois",29
17031292200,"Census Tract 2922, Cook County, Illinois",29
17031292400,"Census Tract 2924, Cook County, Illinois",29
17031292500,"Census Tract 2925, Cook County, Illinois",29
17031300500,"Census Tract 3005, Cook County, Illinois",30
17031300600,"Census Tract 3006, Cook County, Illinois",30
17031300700,"Census Tract 3007, Cook County, Illinois",30
17031300800,"Census Tract 3008, Cook County, Illinois",30
17031300900,"Census Tract 3009, Cook County, Illinois",30
17031301100,"Census Tract 3011, Cook County, Illinois",30
17031301200,"Census Tract 3012, Cook County, Illinois",30
17031301600,"Census Tract 3016, Cook County, Illinois",30
17031301701,"Census Tract 3017.01, Cook County, Illinois",30
17031301702,"Census Tract 3017.02, Cook County, Illinois",30
17031301801,"Census Tract 3018.01, Cook County, Illinois",30
17031301802,"Census Tract 3018.02, Cook County, Illinois",30
17031301803,"Census Tract 3018.03, Cook County, Illinois",30
17031310200,"Census Tract 3102, Cook County, Illinois",31
17031310300,"Census Tract 3103, Cook County, Illinois",31
17031310400,"Census Tract 3104, Cook County, Illinois",31
17031310500,"Census Tract 3105, Cook County, Illinois",31
17031310600,"Census Tract 3106, Cook County, Illinois",31
17031310700,"Census Tract 3107, Cook County, Illinois",31
17031310800,"Census Tract 3108, Cook County, Illinois",31
17031310900,"Census Tract 3109, Cook County, Illinois",31
17031320100,"Census Tract 3201, Cook County, Illinois",32
17031320400,"Census Tract 3204, Cook County, Illinois",32
17031320600,"Census Tract 3206, Cook County, Illinois",32
17031330100,"Census Tract 3301, Cook County, Illinois",33
17031330200,"Census Tract 3302, Cook County, Illinois",33
17031340300,"Census Tract 3403, Cook County, Illinois",34
17031340400,"Census Tract 3404, Cook County, Illinois",34
17031340500,"Census Tract 3405, Cook County, Illinois",34
17031340600,"Census Tract 3406, Cook County, Illinois",34
17031350100,"Census Tract 3501, Cook County, Illinois",35
17031350400,"Census Tract 3504, Cook County, Illinois",35
17031351000,"Census Tract 3510, Cook County, Illinois",35
17031351100,"Census Tract 3511, Cook County, Illinois",35
17031351400,"Census Tract 3514, Cook County, Illinois",35
17031351500,"Census Tract 3515, Cook County, Illinois",35
17031360200,"Census Tract 3602, Cook County, Illinois",36
17031380100,"Census Tract 3801, Cook County, Illinois",38
17031380200,"Census Tract 3802, Cook County, Illinois",38
17031380500,"Census Tract 3805, Cook County, Illinois",38
17031380700,"Census Tract 3807, Cook County, Illinois",38
17031381200,"Census Tract 3812, Cook County, Illinois",38
17031381400,"Census Tract 3814, Cook County, Illinois",38
17031381500,"Census Tract 3815, Cook County, Illinois",38
17031381700,"Census Tract 3817, Cook County, Illinois",38
17031381800,"Census Tract 3818, Cook County, Illinois",38
17031381900,"Census Tract 3819, Cook County, Illinois",38
17031390100,"Census Tract 3901, Cook County, Illinois",39
17031390200,"Census Tract 3902, Cook County, Illinois",39
17031390300,"Census Tract 3903, Cook County, Illinois",39
17031390400,"Census Tract 3904, Cook County, Illinois",39
17031390500,"Census Tract 3905, Cook County, Illinois",39
17031390600,"Census Tract 3906, Cook County, Illinois",39
17031390700,"Census Tract 3907, Cook County, Illinois",39
17031400300,"Census Tract 4003, Cook County, Illinois",40
17031400400,"Census Tract 4004, Cook County, Illinois",40
17031400500,"Census Tract 4005, Cook County, Illinois",40
17031400800,"Census Tract 4008, Cook County, Illinois",40
17031410100,"Census Tract 4101, Cook County, Illinois",41
17031410200,"Census Tract 4102, Cook County, Illinois",41
17031410500,"Census Tract 4105, Cook County, Illinois",41
17031410600,"Census Tract 4106, Cook County, Illinois",41
17031410700,"Census Tract 4107, Cook County, Illinois",41
17031410800,"Census Tract 4108, Cook County, Illinois",41
17031410900,"Census Tract 4109, Cook County, Illinois",41
17031411000,"Census Tract 4110, Cook County, Illinois",41
17031411100,"Census Tract 4111, Cook County, Illinois",41
17031411200,"Census Tract 4112, Cook County, Illinois",41
17031420100,"Census Tract 4201, Cook County, Illinois",42
17031420200,"Census Tract 4202, Cook County, Illinois",42
17031420300,"Census Tract 4203, Cook County, Illinois",42
17031420400,"Census Tract 4204, Cook County, Illinois",42
17031420500,"Census Tract 4205, Cook County, Illinois",42
17031420600,"Census Tract 4206, Cook County, Illinois",42
17031420700,"Census Tract 4207, Cook County, Illinois",42
17031420800,"Census Tract 4208, Cook County, Illinois",42
17031421200,"Census Tract 4212, Cook County, Illinois",42
17031430101,"Census Tract 4301.01, Cook County, Illinois",43
17031430102,"Census Tract 4301.02, Cook County, Illinois",43
17031430200,"Census Tract 4302, Cook County, Illinois",43
17031430300,"Census Tract 4303, Cook County, Illinois",43
17031430400,"Census Tract 4304, Cook County, Illinois",43
17031430500,"Census Tract 4305, Cook County, Illinois",43
17031430600,"Census Tract 4306, Cook County, Illinois",43
17031430700,"Census Tract 4307, Cook County, Illinois",43
17031430800,"Census Tract 4308, Cook County, Illinois",43
17031430900,"Census Tract 4309, Cook County, Illinois",43
17031431200,"Census Tract 4312, Cook County, Illinois",43
17031431301,"Census Tract 4313.01, Cook County, Illinois",43
17031431302,"Census Tract 4313.02, Cook County, Illinois",43
17031431400,"Census Tract 4314, Cook County, Illinois",43
17031440101,"Census Tract 4401.01, Cook County, Illinois",44
17031440102,"Census Tract 4401.02, Cook County, Illinois",44
17031440201,"Census Tract 4402.01, Cook County, Illinois",44
17031440202,"Census Tract 4402.02, Cook County, Illinois",44
17031440300,"Census Tract 4403, Cook County, Illinois",44
17031440600,"Census Tract 4406, Cook County, Illinois",44
17031440700,"Census Tract 4407, Cook County, Illinois",44
17031440800,"Census Tract 4408, Cook County, Illinois",44
17031440900,"Census Tract 4409, Cook County, Illinois",44
17031450300,"Census Tract 4503, Cook County, Illinois",45
17031460100,"Census Tract 4601, Cook County, Illinois",46
17031460200,"Census Tract 4602, Cook County, Illinois",46
17031460301,"Census Tract 4603.01, Cook County, Illinois",46
17031460302,"Census Tract 4603.02, Cook County, Illinois",46
17031460400,"Census Tract 4604, Cook County, Illinois",46
17031460500,"Census Tract 4605, Cook County, Illinois",46
17031460600,"Census Tract 4606, Cook County, Illinois",46
17031460700,"Census Tract 4607, Cook County, Illinois",46
17031461000,"Census Tract 4610, Cook County, Illinois",46
17031470100,"Census Tract 4701, Cook County, Illinois",47
17031480100,"Census Tract 4801, Cook County, Illinois",48
17031480200,"Census Tract 4802, Cook County, Illinois",48
17031480300,"Census Tract 4803, Cook County, Illinois",48
17031480400,"Census Tract 4804, Cook County, Illinois",48
17031480500,"Census Tract 4805, Cook County, Illinois",48
17031490300,"Census Tract 4903, Cook County, Illinois",49
17031490400,"Census Tract 4904, Cook County, Illinois",49
17031490500,"Census Tract 4905, Cook County, Illinois",49
17031490600,"Census Tract 4906, Cook County, Illinois",49
17031490700,"Census Tract 4907, Cook County, Illinois",49
17031490800,"Census Tract 4908, Cook County, Illinois",49
17031490901,"Census Tract 4909.01, Cook County, Illinois",49
17031490902,"Census Tract 4909.02, Cook County, Illinois",49
17031491000,"Census Tract 4910, Cook County, Illinois",49
17031491100,"Census Tract 4911, Cook County, Illinois",49
17031491200,"Census Tract 4912, Cook County, Illinois",49
17031491300,"Census Tract 4913, Cook County, Illinois",49
17031491400,"Census Tract 4914, Cook County, Illinois",49
17031500100,"Census Tract 5001, Cook County, Illinois",50
17031500200,"Census Tract 5002, Cook County, Illinois",50
17031500300,"Census Tract 5003, Cook County, Illinois",50
17031510100,"Census Tract 5101, Cook County, Illinois",51
17031510200,"Census Tract 5102, Cook County, Illinois",51
17031510300,"Census Tract 5103, Cook County, Illinois",51
17031520100,"Census Tract 5201, Cook County, Illinois",52
17031520200,"Census Tract 5202, Cook County, Illinois",52
17031520300,"Census Tract 5203, Cook County, Illinois",52
17031520400,"Census Tract 5204, Cook County, Illinois",52
17031520500,"Census Tract 5205, Cook County, Illinois",52
17031520600,"Census Tract 5206, Cook County, Illinois",52
17031530100,"Census Tract 5301, Cook County, Illinois",53
17031530200,"Census Tract 5302, Cook County, Illinois",53
17031530300,"Census Tract 5303, Cook County, Illinois",53
17031530400,"Census Tract 5304, Cook County, Illinois",53
17031530501,"Census Tract 5305.01, Cook County, Illinois",53
17031530502,"Census Tract 5305.02, Cook County, Illinois",53
17031530503,"Census Tract 5305.03, Cook County, Illinois",53
17031530600,"Census Tract 5306, Cook County, Illinois",53
17031540101,"Census Tract 5401.01, Cook County, Illinois",54
17031540102,"Census Tract 5401.02, Cook County, Illinois",54
17031550100,"Census Tract 5501, Cook County, Illinois",55
17031550200,"Census Tract 5502, Cook County, Illinois",55
17031560100,"Census Tract 5601, Cook County, Illinois",56
17031560200,"Census Tract 5602, Cook County, Illinois",56
17031560300,"Census Tract 5603, Cook County, Illinois",56
17031560400,"Census Tract 5604, Cook County, Illinois",56
17031560700,"Census Tract 5607, Cook County, Illinois",56
17031560800,"Census Tract 5608, Cook County, Illinois",56
17031560900,"Census Tract 5609, Cook County, Illinois",56
17031561000,"Census Tract 5610, Cook County, Illinois",56
17031561100,"Census Tract 5611, Cook County, Illinois",56
17031570100,"Census Tract 5701, Cook County, Illinois",57
17031570200,"Census Tract 5702, Cook County, Illinois",57
17031570300,"Census Tract 5703, Cook County, Illinois",57
17031570400,"Census Tract 5704, Cook County, Illinois",57
17031570500,"Census Tract 5705, Cook County, Illinois",57
17031580100,"Census Tract 5801, Cook County, Illinois",58
17031580200,"Census Tract 5802, Cook County, Illinois",58
17031580300,"Census Tract 5803, Cook County, Illinois",58
17031580400,"Census Tract 5804, Cook County, Illinois",58
17031580501,"Census Tract 5805.01, Cook County, Illinois",58
17031580502,"Census Tract 5805.02, Cook County, Illinois",58
17031580600,"Census Tract 5806, Cook County, Illinois",58
17031580700,"Census Tract 5807, Cook County, Illinois",58
17031580800,"Census Tract 5808, Cook County, Illinois",58
17031590500,"Census Tract 5905, Cook County, Illinois",59
17031590600,"Census Tract 5906, Cook County, Illinois",59
17031590700,"Census Tract 5907, Cook County, Illinois",59
17031600400,"Census Tract 6004, Cook County, Illinois",60
17031600600,"Census Tract 6006, Cook County, Illinois",60
17031600700,"Census Tract 6007, Cook County, Illinois",60
17031600900,"Census Tract 6009, Cook County, Illinois",60
17031610300,"Census Tract 6103, Cook County, Illinois",61
17031610400,"Census Tract 6104, Cook County, Illinois",61
17031610800,"Census Tract 6108, Cook County, Illinois",61
17031611000,"Census Tract 6110, Cook County, Illinois",61
17031611100,"Census Tract 6111, Cook County, Illinois",61
17031611200,"Census Tract 6112, Cook County, Illinois",61
17031611300,"Census Tract 6113, Cook County, Illinois",61
17031611400,"Census Tract 6114, Cook County, Illinois",61
17031611500,"Census Tract 6115, Cook County, Illinois",61
17031611600,"Census Tract 6116, Cook County, Illinois",61
17031611700,"Census Tract 6117, Cook County, Illinois",61
17031611800,"Census Tract 6118, Cook County, Illinois",61
17031611900,"Census Tract 6119, Cook County, Illinois",61
17031612000,"Census Tract 6120, Cook County, Illinois",61
17031612100,"Census Tract 6121, Cook County, Illinois",61
17031620100,"Census Tract 6201, Cook County, Illinois",62
17031620200,"Census Tract 6202, Cook County, Illinois",62
17031620300,"Census Tract 6203, Cook County, Illinois",62
17031620400,"Census Tract 6204, Cook County, Illinois",62
17031630100,"Census Tract 6301, Cook County, Illinois",63
17031630200,"Census Tract 6302, Cook County, Illinois",63
17031630300,"Census Tract 6303, Cook County, Illinois",63
17031630400,"Census Tract 6304, Cook County, Illinois",63
17031630500,"Census Tract 6305, Cook County, Illinois",63
17031630800,"Census Tract 6308, Cook County, Illinois",63
17031630900,"Census Tract 6309, Cook County, Illinois",63
17031640100,"Census Tract 6401, Cook County, Illinois",64
17031640300,"Census Tract 6403, Cook County, Illinois",64
17031640400,"Census Tract 6404, Cook County, Illinois",64
17031640500,"Census Tract 6405, Cook County, Illinois",64
17031640600,"Census Tract 6406, Cook County, Illinois",64
17031640700,"Census Tract 6407, Cook County, Illinois",64
17031640800,"Census Tract 6408, Cook County, Illinois",64
17031650100,"Census Tract 6501, Cook County, Illinois",65
17031650200,"Census Tract 6502, Cook County, Illinois",65
17031650301,"Census Tract 6503.01, Cook County, Illinois",65
17031650302,"Census Tract 6503.02, Cook County, Illinois",65
17031650400,"Census Tract 6504, Cook County, Illinois",65
17031650500,"Census Tract 6505, Cook County, Illinois",65
17031660301,"Census Tract 6603.01, Cook County, Illinois",66
17031660302,"Census Tract 6603.02, Cook County, Illinois",66
17031660400,"Census Tract 6604, Cook County, Illinois",66
17031660500,"Census Tract 6605, Cook County, Illinois",66
17031660600,"Census Tract 6606, Cook County, Illinois",66
17031660700,"Census Tract 6607, Cook County, Illinois",66
17031660800,"Census Tract 6608, Cook County, Illinois",66
17031660900,"Census Tract 6609, Cook County, Illinois",66
17031661000,"Census Tract 6610, Cook County, Illinois",66
17031661100,"Census Tract 6611, Cook County, Illinois",66
17031670100,"Census Tract 6701, Cook County, Illinois",67
17031670200,"Census Tract 6702, Cook County, Illinois",67
17031670300,"Census Tract 6703, Cook County, Illinois",67
17031670400,"Census Tract 6704, Cook County, Illinois",67
17031670500,"Census Tract 6705, Cook County, Illinois",67
17031670600,"Census Tract 6706, Cook County, Illinois",67
17031670700,"Census Tract 6707, Cook County, Illinois",67
17031670800,"Census Tract 6708, Cook County, Illinois",67
17031670900,"Census Tract 6709, Cook County, Illinois",67
17031671100,"Census Tract 6711, Cook County, Illinois",67
17031671200,"Census Tract 6712, Cook County, Illinois",67
17031671300,"Census Tract 6713, Cook County, Illinois",67
17031671400,"Census Tract 6714, Cook County, Illinois",67
17031671500,"Census Tract 6715, Cook County, Illinois",67
17031671600,"Census Tract 6716, Cook County, Illinois",67
17031671800,"Census Tract 6718, Cook County, Illinois",67
17031671900,"Census Tract 6719, Cook County, Illinois",67
17031672000,"Census Tract 6720, Cook County, Illinois",67
17031680500,"Census Tract 6805, Cook County, Illinois",68
17031680600,"Census Tract 6806, Cook County, Illinois",68
17031680900,"Census Tract 6809, Cook County, Illinois",68
17031681000,"Census Tract 6810, Cook County, Illinois",68
17031681100,"Census Tract 6811, Cook County, Illinois",68
17031681200,"Census Tract 6812, Cook County, Illinois",68
17031681300,"Census Tract 6813, Cook County, Illinois",68
17031681400,"Census Tract 6814, Cook County, Illinois",68
17031690300,"Census Tract 6903, Cook County, Illinois",69
17031690400,"Census Tract 6904, Cook County, Illinois",69
17031690500,"Census Tract 6905, Cook County, Illinois",69
17031690900,"Census Tract 6909, Cook County, Illinois",69
17031691000,"Census Tract 6910, Cook County, Illinois",69
17031691100,"Census Tract 6911, Cook County, Illinois",69
17031691200,"Census Tract 6912, Cook County, Illinois",69
17031691300,"Census Tract 6913, Cook County, Illinois",69
17031691400,"Census Tract 6914, Cook County, Illinois",69
17031691500,"Census Tract 6915, Cook County, Illinois",69
17031700100,"Census Tract 7001, Cook County, Illinois",70
17031700200,"Census Tract 7002, Cook County, Illinois",70
17031700301,"Census Tract 7003.01, Cook County, Illinois",70
17031700302,"Census Tract 7003.02, Cook County, Illinois",70
17031700401,"Census Tract 7004.01, Cook County, Illinois",70
17031700402,"Census Tract 7004.02, Cook County, Illinois",70
17031700501,"Census Tract 7005.01, Cook County, Illinois",70
17031700502,"Census Tract 7005.02, Cook County, Illinois",70
17031710100,"Census Tract 7101, Cook County, Illinois",71
17031710200,"Census Tract 7102, Cook County, Illinois",71
17031710300,"Census Tract 7103, Cook County, Illinois",71
17031710400,"Census Tract 7104, Cook County, Illinois",71
17031710500,"Census Tract 7105, Cook County, Illinois",71
17031710600,"Census Tract 7106, Cook County, Illinois",71
17031710700,"Census Tract 7107, Cook County, Illinois",71
17031710800,"Census Tract 7108, Cook County, Illinois",71
17031710900,"Census Tract 7109, Cook County, Illinois",71
17031711000,"Census Tract 7110, Cook County, Illinois",71
17031711100,"Census Tract 7111, Cook County, Illinois",71
17031711200,"Census Tract 7112, Cook County, Illinois",71
17031711300,"Census Tract 7113, Cook County, Illinois",71
17031711400,"Census Tract 7114, Cook County, Illinois",71
17031711500,"Census Tract 7115, Cook County, Illinois",71
17031720100,"Census Tract 7201, Cook County, Illinois",72
17031720200,"Census Tract 7202, Cook County, Illinois",72
17031720300,"Census Tract 7203, Cook County, Illinois",72
17031720400,"Census Tract 7204, Cook County, Illinois",72
17031720500,"Census Tract 7205, Cook County, Illinois",72
17031720600,"Census Tract 7206, Cook County, Illinois",72
17031720700,"Census Tract 7207, Cook County, Illinois",72
17031730100,"Census Tract 7301, Cook County, Illinois",73
17031730201,"Census Tract 7302.01, Cook County, Illinois",73
17031730202,"Census Tract 7302.02, Cook County, Illinois",73
17031730300,"Census Tract 7303, Cook County, Illinois",73
17031730400,"Census Tract 7304, Cook County, Illinois",73
17031730500,"Census Tract 7305, Cook County, Illinois",73
17031730600,"Census Tract 7306, Cook County, Illinois",73
17031730700,"Census Tract 7307, Cook County, Illinois",73
17031740100,"Census Tract 7401, Cook County, Illinois",74
17031740200,"Census Tract 7402, Cook County, Illinois",74
17031740300,"Census Tract 7403, Cook County, Illinois",74
17031740400,"Census Tract 7404, Cook County, Illinois",74
17031750100,"Census Tract 7501, Cook County, Illinois",75
17031750200,"Census Tract 7502, Cook County, Illinois",75
17031750300,"Census Tract 7503, Cook County, Illinois",75
17031750400,"Census Tract 7504, Cook County, Illinois",75
17031750500,"Census Tract 7505, Cook County, Illinois",75
17031750600,"Census Tract 7506, Cook County, Illinois",75
17031760801,"Census Tract 7608.01, Cook County, Illinois",76
17031760802,"Census Tract 7608.02, Cook County, Illinois",76
17031760803,"Census Tract 7608.03, Cook County, Illinois",76
17031830500,"Census Tract 8305, Cook County, Illinois",30
17031830600,"Census Tract 8306, Cook County, Illinois",1
17031830700,"Census Tract 8307, Cook County, Illinois",3
17031830800,"Census Tract 8308, Cook County, Illinois",4
17031830900,"Census Tract 8309, Cook County, Illinois",22
17031831000,"Census Tract 8310, Cook County, Illinois",22
17031831100,"Census Tract 8311, Cook County, Illinois",21
17031831200,"Census Tract 8312, Cook County, Illinois",20
17031831300,"Census Tract 8313, Cook County, Illinois",25
17031831400,"Census Tract 8314, Cook County, Illinois",25
17031831500,"Census Tract 8315, Cook County, Illinois",19
17031831600,"Census Tract 8316, Cook County, Illinois",18
17031831700,"Census Tract 8317, Cook County, Illinois",15
17031831800,"Census Tract 8318, Cook County, Illinois",13
17031831900,"Census Tract 8319, Cook County, Illinois",6
17031832000,"Census Tract 8320, Cook County, Illinois",6
17031832100,"Census Tract 8321, Cook County, Illinois",6
17031832200,"Census Tract 8322, Cook County, Illinois",22
17031832300,"Census Tract 8323, Cook County, Illinois",22
17031832400,"Census Tract 8324, Cook County, Illinois",22
17031832500,"Census Tract 8325, Cook County, Illinois",7
17031832600,"Census Tract 8326, Cook County, Illinois",7
17031832900,"Census Tract 8329, Cook County, Illinois",28
17031833000,"Census Tract 8330, Cook County, Illinois",28
17031833100,"Census Tract 8331, Cook County, Illinois",28
17031833300,"Census Tract 8333, Cook County, Illinois",28
17031833900,"Census Tract 8339, Cook County, Illinois",46
17031834000,"Census Tract 8340, Cook County, Illinois",49
17031834200,"Census Tract 8342, Cook County, Illinois",43
17031834300,"Census Tract 8343, Cook County, Illinois",45
17031834400,"Census Tract 8344, Cook County, Illinois",42
17031834500,"Census Tract 8345, Cook County, Illinois",40
17031834600,"Census Tract 8346, Cook County, Illinois",68
17031834700,"Census Tract 8347, Cook County, Illinois",68
17031834800,"Census Tract 8348, Cook County, Illinois",68
17031834900,"Census Tract 8349, Cook County, Illinois",67
17031835000,"Census Tract 8350, Cook County, Illinois",66
17031835100,"Census Tract 8351, Cook County, Illinois",63
17031835200,"Census Tract 8352, Cook County, Illinois",56
17031835500,"Census Tract 8355, Cook County, Illinois",37
17031835600,"Census Tract 8356, Cook County, Illinois",37
17031835700,"Census Tract 8357, Cook County, Illinois",38
17031835800,"Census Tract 8358, Cook County, Illinois",38
17031835900,"Census Tract 8359, Cook County, Illinois",38
17031836000,"Census Tract 8360, Cook County, Illinois",38
17031836100,"Census Tract 8361, Cook County, Illinois",40
17031836200,"Census Tract 8362, Cook County, Illinois",41
17031836300,"Census Tract 8363, Cook County, Illinois",41
17031836400,"Census Tract 8364, Cook County, Illinois",36
17031836500,"Census Tract 8365, Cook County, Illinois",36
17031836600,"Census Tract 8366, Cook County, Illinois",23
17031836700,"Census Tract 8367, Cook County, Illinois",23
17031836800,"Census Tract 8368, Cook County, Illinois",27
17031836900,"Census Tract 8369, Cook County, Illinois",27
17031837000,"Census Tract 8370, Cook County, Illinois",27
17031837100,"Census Tract 8371, Cook County, Illinois",27
17031837300,"Census Tract 8373, Cook County, Illinois",27
17031837400,"Census Tract 8374, Cook County, Illinois",27
17031837800,"Census Tract 8378, Cook County, Illinois",28
17031838000,"Census Tract 8380, Cook County, Illinois",28
17031838100,"Census Tract 8381, Cook County, Illinois",28
17031838200,"Census Tract 8382, Cook County, Illinois",28
17031838300,"Census Tract 8383, Cook County, Illinois",8
17031838600,"Census Tract 8386, Cook County, Illinois",29
17031838700,"Census Tract 8387, Cook County, Illinois",29
17031838800,"Census Tract 8388, Cook County, Illinois",51
17031839000,"Census Tract 8390, Cook County, Illinois",32
17031839100,"Census Tract 8391, Cook County, Illinois",32
17031839200,"Census Tract 8392, Cook County, Illinois",35
17031839500,"Census Tract 8395, Cook County, Illinois",35
17031839600,"Census Tract 8396, Cook County, Illinois",35
17031839700,"Census Tract 8397, Cook County, Illinois",60
17031839800,"Census Tract 8398, Cook County, Illinois",60
17031839900,"Census Tract 8399, Cook County, Illinois",60
17031840000,"Census Tract 8400, Cook County, Illinois",60
17031840100,"Census Tract 8401, Cook County, Illinois",60
17031840200,"Census Tract 8402, Cook County, Illinois",60
17031840300,"Census Tract 8403, Cook County, Illinois",59
17031840400,"Census Tract 8404, Cook County, Illinois",59
17031840700,"Census Tract 8407, Cook County, Illinois",30
17031840800,"Census Tract 8408, Cook County, Illinois",30
17031841000,"Census Tract 8410, Cook County, Illinois",33
17031841100,"Census Tract 8411, Cook County, Illinois",34
17031841200,"Census Tract 8412, Cook County, Illinois",31
17031841300,"Census Tract 8413, Cook County, Illinois",31
17031841400,"Census Tract 8414, Cook County, Illinois",29
17031841500,"Census Tract 8415, Cook County, Illinois",29
17031841600,"Census Tract 8416, Cook County, Illinois",29
17031841700,"Census Tract 8417, Cook County, Illinois",30
17031841800,"Census Tract 8418, Cook County, Illinois",69
17031841900,"Census Tract 8419, Cook County, Illinois",28
17031842000,"Census Tract 8420, Cook County, Illinois",35
17031842100,"Census Tract 8421, Cook County, Illinois",23
17031842200,"Census Tract 8422, Cook County, Illinois",8
17031842300,"Census Tract 8423, Cook County, Illinois",24
17031842400,"Census Tract 8424, Cook County, Illinois",44
17031842500,"Census Tract 8425, Cook County, Illinois",69
17031842600,"Census Tract 8426, Cook County, Illinois",61
17031842800,"Census Tract 8428, Cook County, Illinois",58
17031842900,"Census Tract 8429, Cook County, Illinois",28
17031843000,"Census Tract 8430, Cook County, Illinois",29
17031843100,"Census Tract 8431, Cook County, Illinois",29
17031843200,"Census Tract 8432, Cook County, Illinois",31
17031843300,"Census Tract 8433, Cook County, Illinois",29
17031843400,"Census Tract 8434, Cook County, Illinois",29
17031843500,"Census Tract 8435, Cook County, Illinois",30
17031843600,"Census Tract 8436, Cook County, Illinois",38
17031843700,"Census Tract 8437, Cook County, Illinois",5
17031843800,"Census Tract 8438, Cook County, Illinois",61
17031843900,"Census Tract 8439, Cook County, Illinois",42